fixture,halo,tiles,crop_mae,crop_rmse,crop_max,seam_mae,seam_max,non_seam_mae,non_seam_max,border_mae,border_max,exact_0,near_exact_1e-6
smooth_2d_gradient,8,4,0.0,0.0,0.0,0.0,0.0,0.0,0.0,0.0,0.0,1696512,1696512
smooth_2d_gradient,16,4,0.0,0.0,0.0,0.0,0.0,0.0,0.0,0.0,0.0,1696512,1696512
smooth_2d_gradient,24,4,0.0,0.0,0.0,0.0,0.0,0.0,0.0,0.0,0.0,1696512,1696512
smooth_2d_gradient,32,4,0.0,0.0,0.0,0.0,0.0,0.0,0.0,0.0,0.0,1696512,1696512
smooth_2d_gradient,33,4,0.0,0.0,0.0,0.0,0.0,0.0,0.0,0.0,0.0,1696512,1696512
smooth_2d_gradient,34,4,0.0,0.0,0.0,0.0,0.0,0.0,0.0,0.0,0.0,1696512,1696512
smooth_2d_gradient,35,9,0.0,0.0,0.0,0.0,0.0,0.0,0.0,0.0,0.0,1696512,1696512
smooth_2d_gradient,36,9,0.0,0.0,0.0,0.0,0.0,0.0,0.0,0.0,0.0,1696512,1696512
smooth_2d_gradient,40,9,0.0,0.0,0.0,0.0,0.0,0.0,0.0,0.0,0.0,1696512,1696512
rgb_ramps,8,6,0.5217545111386106,3.397624625581899,128.801513671875,5.396645171536814,128.801513671875,0.2676258620894805,88.4937744140625,0.14091481799209965,47.21732044219971,1859683,1859808
rgb_ramps,16,6,0.017518322942532895,0.13494057490494543,5.663169860839844,0.23312270266415655,5.663169860839844,0.0061189809220633115,2.070770263671875,0.004710358582743284,2.7720489501953125,2004338,2004466
rgb_ramps,24,6,0.00010268082523675863,0.0009255928105784228,0.0470428466796875,0.0016146176378054602,0.0470428466796875,2.1965575914873314e-05,0.0105743408203125,3.2473987076073525e-05,0.022705078125,2148973,2149110
rgb_ramps,32,8,1.8943888669373043e-06,1.2256336506854924e-05,0.000457763671875,2.8734584764754732e-05,0.000457763671875,0.0,0.0,4.5569728942470507e-07,0.000274658203125,2258708,2258823
rgb_ramps,33,12,8.070397933835789e-07,6.8788182680802385e-06,0.00030517578125,9.416938664438665e-06,0.00030517578125,0.0,0.0,1.845125167689345e-07,0.0001220703125,2303385,2303458
rgb_ramps,34,12,0.0,0.0,0.0,0.0,0.0,0.0,0.0,0.0,0.0,2356176,2356176
rgb_ramps,35,12,0.0,0.0,0.0,0.0,0.0,0.0,0.0,0.0,0.0,2356176,2356176
rgb_ramps,36,12,0.0,0.0,0.0,0.0,0.0,0.0,0.0,0.0,0.0,2356176,2356176
rgb_ramps,40,12,0.0,0.0,0.0,0.0,0.0,0.0,0.0,0.0,0.0,2356176,2356176
edges_crossing,8,6,0.15368056670494695,1.0902599782619398,42.335989117622375,1.5721625133671053,42.335989117622375,0.07959675627368493,23.64026367664337,0.04635305586605562,17.519916534423828,1858208,1870311
edges_crossing,16,6,0.006352273454172867,0.05271883313189204,2.75555419921875,0.07765545265959728,2.75555419921875,0.0025803616433043622,1.0597686767578125,0.002167022512539178,1.1615161895751953,2003475,2008194
edges_crossing,24,6,5.6340141432560825e-05,0.0005867865236336298,0.03618621826171875,0.0008877447416351777,0.03618621826171875,1.1980919405649895e-05,0.007686436176300049,1.708784947021394e-05,0.012439727783203125,2147974,2158754
edges_crossing,32,8,2.7752610310830224e-07,1.8336347945351028e-06,6.866455078125e-05,4.1968761057011e-06,6.866455078125e-05,0.0,0.0,8.972143929510436e-08,2.6702880859375e-05,2258169,2267498
edges_crossing,33,12,1.1526756158658266e-07,1.0037795835034878e-06,5.7220458984375e-05,1.340859780414283e-06,5.7220458984375e-05,0.0,0.0,3.6076459297406915e-08,1.52587890625e-05,2303159,2309518
edges_crossing,34,12,0.0,0.0,0.0,0.0,0.0,0.0,0.0,0.0,0.0,2356176,2356176
edges_crossing,35,12,0.0,0.0,0.0,0.0,0.0,0.0,0.0,0.0,0.0,2356176,2356176
edges_crossing,36,12,0.0,0.0,0.0,0.0,0.0,0.0,0.0,0.0,0.0,2356176,2356176
edges_crossing,40,12,0.0,0.0,0.0,0.0,0.0,0.0,0.0,0.0,0.0,2356176,2356176
high_frequency_checker,8,4,9.032652747851831e-06,6.417939646431309e-05,0.002410888671875,0.00015462377273977018,0.002410888671875,2.8587062993551333e-06,0.00054931640625,2.103316901476248e-06,0.0011444091796875,1629688,1629750
high_frequency_checker,16,4,9.032652747851831e-06,6.417939646431309e-05,0.002410888671875,0.00015462377273977018,0.002410888671875,2.8587062993551333e-06,0.00054931640625,2.103316901476248e-06,0.0011444091796875,1629688,1629750
high_frequency_checker,24,4,9.032652747851831e-06,6.417939646431309e-05,0.002410888671875,0.00015462377273977018,0.002410888671875,2.8587062993551333e-06,0.00054931640625,2.103316901476248e-06,0.0011444091796875,1629688,1629750
high_frequency_checker,32,6,8.659210676948229e-07,8.220882510513949e-06,0.00030517578125,1.4291823278238743e-05,0.00030517578125,0.0,0.0,2.0134318884171493e-07,0.0001068115234375,1697054,1697075
high_frequency_checker,33,6,3.1550003526111443e-07,4.195384126700171e-06,0.000213623046875,5.209665992699656e-06,0.000213623046875,0.0,0.0,6.989542896865953e-08,6.103515625e-05,1713011,1713019
high_frequency_checker,34,6,0.0,0.0,0.0,0.0,0.0,0.0,0.0,0.0,0.0,1728000,1728000
high_frequency_checker,35,6,0.0,0.0,0.0,0.0,0.0,0.0,0.0,0.0,0.0,1728000,1728000
high_frequency_checker,36,6,0.0,0.0,0.0,0.0,0.0,0.0,0.0,0.0,0.0,1728000,1728000
high_frequency_checker,40,9,0.0,0.0,0.0,0.0,0.0,0.0,0.0,0.0,0.0,1728000,1728000
deterministic_noise,8,6,0.5472344726320912,3.325881668619215,112.88168334960938,6.68222704497855,112.88168334960938,0.2756426474797422,73.33544921875,0.14286426414866546,42.00704264640808,2253768,2253903
deterministic_noise,16,9,0.04329127441802028,0.23426024828014033,8.589111328125,0.47626768035968325,8.589111328125,0.015889743145770366,3.217681884765625,0.009475810135671461,2.268218994140625,2294835,2295019
deterministic_noise,24,12,0.0003809579267128408,0.0020095198316195588,0.0776214599609375,0.004200354851407112,0.0776214599609375,8.179765654014474e-05,0.014385223388671875,9.570716146815749e-05,0.0295257568359375,2615910,2616091
deterministic_noise,32,12,1.9001818570509613e-06,1.2131237865818745e-05,0.000396728515625,2.6035935538807143e-05,0.000396728515625,0.0,0.0,3.8150248873703957e-07,0.00019073486328125,3151108,3151199
deterministic_noise,33,12,7.088710201621656e-07,6.269448695080904e-06,0.000274658203125,9.712769457244058e-06,0.000274658203125,0.0,0.0,1.42435479255123e-07,8.0108642578125e-05,3217324,3217384
deterministic_noise,34,12,0.0,0.0,0.0,0.0,0.0,0.0,0.0,0.0,0.0,3279696,3279696
deterministic_noise,35,12,0.0,0.0,0.0,0.0,0.0,0.0,0.0,0.0,0.0,3279696,3279696
deterministic_noise,36,15,0.0,0.0,0.0,0.0,0.0,0.0,0.0,0.0,0.0,3279696,3279696
deterministic_noise,40,20,0.0,0.0,0.0,0.0,0.0,0.0,0.0,0.0,0.0,3279696,3279696
mixed_photo_like,8,9,0.8900358807328114,4.22370694546619,124.04205322265625,7.661612934331862,124.04205322265625,0.46205252925200696,85.34710693359375,0.20637400331162192,36.774261474609375,2010939,2011144
mixed_photo_like,16,9,0.030274312378608743,0.1708566402844674,7.150379180908203,0.32854150285645306,7.150379180908203,0.011174886031874096,2.8709716796875,0.007429447793523999,2.5800628662109375,2337750,2337936
mixed_photo_like,24,9,0.0001985686273488311,0.0012514213812247846,0.044219970703125,0.0026126680113300665,0.044219970703125,4.2968071175191045e-05,0.01186370849609375,4.33955745517308e-05,0.01506805419921875,2689002,2689205
mixed_photo_like,32,9,1.91324691793208e-06,1.0397482833344426e-05,0.00030517578125,3.1399388101436346e-05,0.00030517578125,0.0,0.0,3.906387928628859e-07,0.0001220703125,2972082,2972312
mixed_photo_like,33,16,7.172550056111504e-07,5.38859501438549e-06,0.000213623046875,7.909793295672916e-06,0.000213623046875,0.0,0.0,1.5088800692886818e-07,9.1552734375e-05,3060999,3061136
mixed_photo_like,34,16,0.0,0.0,0.0,0.0,0.0,0.0,0.0,0.0,0.0,3145728,3145728
mixed_photo_like,35,16,0.0,0.0,0.0,0.0,0.0,0.0,0.0,0.0,0.0,3145728,3145728
mixed_photo_like,36,16,0.0,0.0,0.0,0.0,0.0,0.0,0.0,0.0,0.0,3145728,3145728
mixed_photo_like,40,16,0.0,0.0,0.0,0.0,0.0,0.0,0.0,0.0,0.0,3145728,3145728
